{"cameraMode":{"drawMode":0,"name":"Shaded","section":"Shading Mode"},"sceneLighting":false,"audioPlay":false,"sceneViewState":{"m_AlwaysRefresh":false,"showFog":true,"showSkybox":false,"showFlares":true,"showImageEffects":true,"showParticleSystems":true,"showVisualEffectGraphs":true,"m_FxEnabled":true},"in2DMode":false,"pivot":{"x":0.32524144649505618,"y":0.0035262794699519874,"z":2.316821336746216},"rotation":{"x":-0.04479072242975235,"y":0.7825817465782166,"z":-0.05668756365776062,"w":-0.6183481216430664},"size":1.2247449159622193,"orthographic":false}