{"cameraMode":{"drawMode":0,"name":"Shaded","section":"Shading Mode"},"sceneLighting":false,"audioPlay":false,"sceneViewState":{"m_AlwaysRefresh":false,"showFog":true,"showSkybox":false,"showFlares":true,"showImageEffects":true,"showParticleSystems":true,"showVisualEffectGraphs":true,"m_FxEnabled":true},"in2DMode":false,"pivot":{"x":0.46476998925209048,"y":-0.15694646537303925,"z":0.040052320808172229},"rotation":{"x":-0.024773743003606797,"y":0.8945729732513428,"z":-0.049978237599134448,"w":-0.4434370696544647},"size":1.2247449159622193,"orthographic":false}