{"cameraMode":{"drawMode":0,"name":"Shaded","section":"Shading Mode"},"sceneLighting":false,"audioPlay":false,"sceneViewState":{"m_AlwaysRefresh":false,"showFog":true,"showSkybox":false,"showFlares":true,"showImageEffects":true,"showParticleSystems":true,"showVisualEffectGraphs":true,"m_FxEnabled":true},"in2DMode":false,"pivot":{"x":-21.968238830566408,"y":2.825000047683716,"z":-22.04648780822754},"rotation":{"x":0.051391229033470157,"y":0.9336954355239868,"z":-0.3216911852359772,"w":0.14892792701721192},"size":2.0102336406707765,"orthographic":false}