{"cameraMode":{"drawMode":0,"name":"Shaded","section":"Shading Mode"},"sceneLighting":true,"audioPlay":false,"sceneViewState":{"m_AlwaysRefresh":false,"showFog":true,"showSkybox":true,"showFlares":true,"showImageEffects":true,"showParticleSystems":true,"showVisualEffectGraphs":true,"m_FxEnabled":true},"in2DMode":false,"pivot":{"x":-9.648139953613282,"y":-14.39107608795166,"z":-25.248733520507814},"rotation":{"x":0.0033323203679174186,"y":-0.9492782354354858,"z":0.31438136100769045,"w":0.010176090523600579},"size":24.068300247192384,"orthographic":false}