{"cameraMode":{"drawMode":0,"name":"Shaded","section":"Shading Mode"},"sceneLighting":true,"audioPlay":false,"sceneViewState":{"m_AlwaysRefresh":false,"showFog":true,"showSkybox":true,"showFlares":true,"showImageEffects":true,"showParticleSystems":true,"showVisualEffectGraphs":true,"m_FxEnabled":true},"in2DMode":false,"pivot":{"x":125.10409545898438,"y":-64.7220458984375,"z":267.62176513671877},"rotation":{"x":-0.12023958563804627,"y":-0.20999206602573396,"z":0.025928208604454995,"w":-0.9699779152870178},"size":141.42135620117188,"orthographic":false}